Column1,Column2,Column3
Data1_1,Data1_2,Data1_3
Data2_1,Data2_2,Data2_3
Data3_1,Data3_2,Data3_3
Data4_1,Data4_2,Data4_3
Data5_1,Data5_2,Data5_3
Data6_1,Data6_2,Data6_3
Data7_1,Data7_2,Data7_3
Data8_1,Data8_2,Data8_3
Data9_1,Data9_2,Data9_3
Data10_1,Data10_2,Data10_3
Data11_1,Data11_2,Data11_3
Data12_1,Data12_2,Data12_3
Data13_1,Data13_2,Data13_3
Data14_1,Data14_2,Data14_3
Data15_1,Data15_2,Data15_3
Data16_1,Data16_2,Data16_3
Data17_1,Data17_2,Data17_3
Data18_1,Data18_2,Data18_3
Data19_1,Data19_2,Data19_3
Data20_1,Data20_2,Data20_3
Data21_1,Data21_2,Data21_3
Data22_1,Data22_2,Data22_3
Data23_1,Data23_2,Data23_3
Data24_1,Data24_2,Data24_3
Data25_1,Data25_2,Data25_3
Data26_1,Data26_2,Data26_3
Data27_1,Data27_2,Data27_3
Data28_1,Data28_2,Data28_3
Data29_1,Data29_2,Data29_3
Data30_1,Data30_2,Data30_3
